{
  "project_info": {
    "project_number": "608620646097",
    "firebase_url": "https://cmput301f19.firebaseio.com",
    "project_id": "cmput301f19",
    "storage_bucket": "cmput301f19.appspot.com"
  },
  "client": [
    {
      "client_info": {
        "mobilesdk_app_id": "1:608620646097:android:2bdad543407f6d53953ff0",
        "android_client_info": {
          "package_name": "io.github.cmput301f19t19.legendary_fiesta"
        }
      },
      "oauth_client": [
        {
          "client_id": "608620646097-8elcns37fcgn0rmjopp4k8krfs1v7g36.apps.googleusercontent.com",
          "client_type": 3
        }
      ],
      "api_key": [
        {
          "current_key": "AIzaSyBkSdCztunfh2QdcEwK6iM6RVyYO3i5M5E"
        }
      ],
      "services": {
        "appinvite_service": {
          "other_platform_oauth_client": [
            {
              "client_id": "608620646097-8elcns37fcgn0rmjopp4k8krfs1v7g36.apps.googleusercontent.com",
              "client_type": 3
            }
          ]
        }
      }
    }
  ],
  "configuration_version": "1"
}